serie,brand,descrizione,attacchi,cilindro_mm,stelo_mm,forza_min_N,forza_max_N,forza_step_N,codice,L_mm,corsa_mm,forza_min_modello_N,forza_max_modello_N
AGS G45 G45,Vapsint,Ø12/4mm - Applicazioni con corse e spinte limitate,G45 - G45,12,4,20,150,10,AGS-70-20,70,20,,
AGS G45 G45,Vapsint,Ø12/4mm - Applicazioni con corse e spinte limitate,G45 - G45,12,4,20,150,10,AGS-90-30,90,30,,
AGS G45 G45,Vapsint,Ø12/4mm - Applicazioni con corse e spinte limitate,G45 - G45,12,4,20,150,10,AGS-110-40,110,40,,
AGS G45 G45,Vapsint,Ø12/4mm - Applicazioni con corse e spinte limitate,G45 - G45,12,4,20,150,10,AGS-130-50,130,50,,
AGS G45 G45,Vapsint,Ø12/4mm - Applicazioni con corse e spinte limitate,G45 - G45,12,4,20,150,10,AGS-150-60,150,60,,
AGS G45 G45,Vapsint,Ø12/4mm - Applicazioni con corse e spinte limitate,G45 - G45,12,4,20,150,10,AGS-190-80,190,80,,
AGS G45 G45,Vapsint,Ø12/4mm - Applicazioni con corse e spinte limitate,G45 - G45,12,4,20,150,10,AGS-230-100,230,100,,
AGS G45 G45,Vapsint,Ø12/4mm - Applicazioni con corse e spinte limitate,G45 - G45,12,4,20,150,10,AGS-250-110,250,110,,
AGS G45 G45,Vapsint,Ø12/4mm - Applicazioni con corse e spinte limitate,G45 - G45,12,4,20,150,10,AGS-270-120,270,120,,
AKS R30 Z20,Vapsint,Ø15/6mm - Applicazioni con ingombro minimo e spinte maggiori,R30 - Z20,15,6,20,400,10,AKS-145-40,145,40,20,400
AKS R30 Z20,Vapsint,Ø15/6mm - Applicazioni con ingombro minimo e spinte maggiori,R30 - Z20,15,6,20,400,10,AKS-185-60,185,60,20,400
AKS R30 Z20,Vapsint,Ø15/6mm - Applicazioni con ingombro minimo e spinte maggiori,R30 - Z20,15,6,20,400,10,AKS-225-80,225,80,20,400
AKS R30 Z20,Vapsint,Ø15/6mm - Applicazioni con ingombro minimo e spinte maggiori,R30 - Z20,15,6,20,400,10,AKS-265-100,265,100,20,400
AKS R30 Z20,Vapsint,Ø15/6mm - Applicazioni con ingombro minimo e spinte maggiori,R30 - Z20,15,6,20,400,10,AKS-305-120,305,120,20,400
AKS R30 Z20,Vapsint,Ø15/6mm - Applicazioni con ingombro minimo e spinte maggiori,R30 - Z20,15,6,20,400,10,AKS-330-130,330,130,20,400
AKS R30 Z20,Vapsint,Ø15/6mm - Applicazioni con ingombro minimo e spinte maggiori,R30 - Z20,15,6,20,400,10,AKS-365-150,365,150,20,400
AKS R30 Z20,Vapsint,Ø15/6mm - Applicazioni con ingombro minimo e spinte maggiori,R30 - Z20,15,6,20,400,10,AKS-400-165,400,165,20,400
AKS R30 Z20,Vapsint,Ø15/6mm - Applicazioni con ingombro minimo e spinte maggiori,R30 - Z20,15,6,20,400,10,AKS-465-200,465,200,20,200
AKS R30 Z20,Vapsint,Ø15/6mm - Applicazioni con ingombro minimo e spinte maggiori,R30 - Z20,15,6,20,400,10,AKS-500-215,500,215,20,200
AKS R30 Z20,Vapsint,Ø15/6mm - Applicazioni con ingombro minimo e spinte maggiori,R30 - Z20,15,6,20,400,10,AKS-565-250,565,250,20,200
AKS R30 Z20,Vapsint,Ø15/6mm - Applicazioni con ingombro minimo e spinte maggiori,R30 - Z20,15,6,20,400,10,AKS-600-265,600,265,20,200
AKS G68 G68,Vapsint,Ø15/6mm - Versione con attacchi G68,G68 - G68,15,6,20,400,10,AKS-G68-115-40,115,40,,
AKS G68 G68,Vapsint,Ø15/6mm - Versione con attacchi G68,G68 - G68,15,6,20,400,10,AKS-G68-155-60,155,60,,
AKS G68 G68,Vapsint,Ø15/6mm - Versione con attacchi G68,G68 - G68,15,6,20,400,10,AKS-G68-195-80,195,80,,
AKS G68 G68,Vapsint,Ø15/6mm - Versione con attacchi G68,G68 - G68,15,6,20,400,10,AKS-G68-235-100,235,100,,
AKS G68 G68,Vapsint,Ø15/6mm - Versione con attacchi G68,G68 - G68,15,6,20,400,10,AKS-G68-275-120,275,120,,
AKS G68 G68,Vapsint,Ø15/6mm - Versione con attacchi G68,G68 - G68,15,6,20,400,10,AKS-G68-335-150,335,150,,
AKS G68 G68,Vapsint,Ø15/6mm - Versione con attacchi G68,G68 - G68,15,6,20,400,10,AKS-G68-435-200,435,200,,
AMS R20 Z10,Vapsint,Ø18.5/8mm - Gamma più versatile settore industriale e veicoli commerciali,R20 - Z10,18.5,8,50,700,10,AMS-205-60,205,60,,
AMS R20 Z10,Vapsint,Ø18.5/8mm - Gamma più versatile settore industriale e veicoli commerciali,R20 - Z10,18.5,8,50,700,10,AMS-245-80,245,80,,
AMS R20 Z10,Vapsint,Ø18.5/8mm - Gamma più versatile settore industriale e veicoli commerciali,R20 - Z10,18.5,8,50,700,10,AMS-255-85,255,85,,
AMS R20 Z10,Vapsint,Ø18.5/8mm - Gamma più versatile settore industriale e veicoli commerciali,R20 - Z10,18.5,8,50,700,10,AMS-285-100,285,100,,
AMS R20 Z10,Vapsint,Ø18.5/8mm - Gamma più versatile settore industriale e veicoli commerciali,R20 - Z10,18.5,8,50,700,10,AMS-325-120,325,120,,
AMS R20 Z10,Vapsint,Ø18.5/8mm - Gamma più versatile settore industriale e veicoli commerciali,R20 - Z10,18.5,8,50,700,10,AMS-355-130,355,130,,
AMS R20 Z10,Vapsint,Ø18.5/8mm - Gamma più versatile settore industriale e veicoli commerciali,R20 - Z10,18.5,8,50,700,10,AMS-400-155,400,155,,
AMS R20 Z10,Vapsint,Ø18.5/8mm - Gamma più versatile settore industriale e veicoli commerciali,R20 - Z10,18.5,8,50,700,10,AMS-405-160,405,160,,
AMS R20 Z10,Vapsint,Ø18.5/8mm - Gamma più versatile settore industriale e veicoli commerciali,R20 - Z10,18.5,8,50,700,10,AMS-445-180,445,180,,
AMS R20 Z10,Vapsint,Ø18.5/8mm - Gamma più versatile settore industriale e veicoli commerciali,R20 - Z10,18.5,8,50,700,10,AMS-485-200,485,200,,
AMS R20 Z10,Vapsint,Ø18.5/8mm - Gamma più versatile settore industriale e veicoli commerciali,R20 - Z10,18.5,8,50,700,10,AMS-500-205,500,205,,
AMS R20 Z10,Vapsint,Ø18.5/8mm - Gamma più versatile settore industriale e veicoli commerciali,R20 - Z10,18.5,8,50,700,10,AMS-525-220,525,220,,
AMS R20 Z10,Vapsint,Ø18.5/8mm - Gamma più versatile settore industriale e veicoli commerciali,R20 - Z10,18.5,8,50,700,10,AMS-585-250,585,250,,
AMS R20 Z10,Vapsint,Ø18.5/8mm - Gamma più versatile settore industriale e veicoli commerciali,R20 - Z10,18.5,8,50,700,10,AMS-700-305,700,305,,
AMS G68 G68,Vapsint,Ø18.5/8mm - Versione con attacchi G68,G68 - G68,18.5,8,50,700,10,AMS-G68-165-60,165,60,,
AMS G68 G68,Vapsint,Ø18.5/8mm - Versione con attacchi G68,G68 - G68,18.5,8,50,700,10,AMS-G68-205-80,205,80,,
AMS G68 G68,Vapsint,Ø18.5/8mm - Versione con attacchi G68,G68 - G68,18.5,8,50,700,10,AMS-G68-245-100,245,100,,
AMS G68 G68,Vapsint,Ø18.5/8mm - Versione con attacchi G68,G68 - G68,18.5,8,50,700,10,AMS-G68-285-120,285,120,,
AMS G68 G68,Vapsint,Ø18.5/8mm - Versione con attacchi G68,G68 - G68,18.5,8,50,700,10,AMS-G68-325-140,325,140,,
AMS G68 G68,Vapsint,Ø18.5/8mm - Versione con attacchi G68,G68 - G68,18.5,8,50,700,10,AMS-G68-365-160,365,160,,
AMS G68 G68,Vapsint,Ø18.5/8mm - Versione con attacchi G68,G68 - G68,18.5,8,50,700,10,AMS-G68-405-180,405,180,,
AMS G68 G68,Vapsint,Ø18.5/8mm - Versione con attacchi G68,G68 - G68,18.5,8,50,700,10,AMS-G68-445-200,445,200,,
AMS G68 G68,Vapsint,Ø18.5/8mm - Versione con attacchi G68,G68 - G68,18.5,8,50,700,10,AMS-G68-485-220,485,220,,
AMS G68 G68,Vapsint,Ø18.5/8mm - Versione con attacchi G68,G68 - G68,18.5,8,50,700,10,AMS-G68-545-250,545,250,,
AMS G68 G68,Vapsint,Ø18.5/8mm - Versione con attacchi G68,G68 - G68,18.5,8,50,700,10,AMS-G68-645-300,645,300,,
AOS G68 G68,Vapsint,Ø22/8mm - Gamma max 700N,G68 - G68,22,8,50,700,10,AOS-165-60,165,60,,
AOS G68 G68,Vapsint,Ø22/8mm - Gamma max 700N,G68 - G68,22,8,50,700,10,AOS-205-80,205,80,,
AOS G68 G68,Vapsint,Ø22/8mm - Gamma max 700N,G68 - G68,22,8,50,700,10,AOS-245-100,245,100,,
AOS G68 G68,Vapsint,Ø22/8mm - Gamma max 700N,G68 - G68,22,8,50,700,10,AOS-285-120,285,120,,
AOS G68 G68,Vapsint,Ø22/8mm - Gamma max 700N,G68 - G68,22,8,50,700,10,AOS-325-140,325,140,,
AOS G68 G68,Vapsint,Ø22/8mm - Gamma max 700N,G68 - G68,22,8,50,700,10,AOS-365-160,365,160,,
AOS G68 G68,Vapsint,Ø22/8mm - Gamma max 700N,G68 - G68,22,8,50,700,10,AOS-405-180,405,180,,
AOS G68 G68,Vapsint,Ø22/8mm - Gamma max 700N,G68 - G68,22,8,50,700,10,AOS-445-200,445,200,,
AOS G68 G68,Vapsint,Ø22/8mm - Gamma max 700N,G68 - G68,22,8,50,700,10,AOS-485-220,485,220,,
AOS G68 G68,Vapsint,Ø22/8mm - Gamma max 700N,G68 - G68,22,8,50,700,10,AOS-545-250,545,250,,
AOS G68 G68,Vapsint,Ø22/8mm - Gamma max 700N,G68 - G68,22,8,50,700,10,AOS-645-300,645,300,,
APS R20 Z10,Vapsint,Ø22/10mm - Alta forza fino 1300N,R20 - Z10/Z40,22,10,100,1300,10,APS-285-100,285,100,,
APS R20 Z10,Vapsint,Ø22/10mm - Alta forza fino 1300N,R20 - Z10/Z40,22,10,100,1300,10,APS-385-150,385,150,,
APS R20 Z10,Vapsint,Ø22/10mm - Alta forza fino 1300N,R20 - Z10/Z40,22,10,100,1300,10,APS-485-200,485,200,,
APS R20 Z10,Vapsint,Ø22/10mm - Alta forza fino 1300N,R20 - Z10/Z40,22,10,100,1300,10,APS-585-250,585,250,,
APS R20 Z10,Vapsint,Ø22/10mm - Alta forza fino 1300N,R20 - Z10/Z40,22,10,100,1300,10,APS-685-300,685,300,,
APS R20 Z10,Vapsint,Ø22/10mm - Alta forza fino 1300N,R20 - Z10/Z40,22,10,100,1300,10,APS-785-350,785,350,,
APS R20 Z10,Vapsint,Ø22/10mm - Alta forza fino 1300N,R20 - Z10/Z40,22,10,100,1300,10,APS-885-400,885,400,,
APS R20 Z10,Vapsint,Ø22/10mm - Alta forza fino 1300N,R20 - Z10/Z40,22,10,100,1300,10,APS-1085-500,1085,500,,
APS F20 B01,Vapsint,Ø22/10mm - Versione con attacchi F20/B01,F20 - B01,22,10,100,1300,10,APS-F20-300-100,300,100,,
APS F20 B01,Vapsint,Ø22/10mm - Versione con attacchi F20/B01,F20 - B01,22,10,100,1300,10,APS-F20-350-130,350,130,,
APS F20 B01,Vapsint,Ø22/10mm - Versione con attacchi F20/B01,F20 - B01,22,10,100,1300,10,APS-F20-400-150,400,150,,
APS F20 B01,Vapsint,Ø22/10mm - Versione con attacchi F20/B01,F20 - B01,22,10,100,1300,10,APS-F20-450-180,450,180,,
APS F20 B01,Vapsint,Ø22/10mm - Versione con attacchi F20/B01,F20 - B01,22,10,100,1300,10,APS-F20-500-200,500,200,,
APS F20 B01,Vapsint,Ø22/10mm - Versione con attacchi F20/B01,F20 - B01,22,10,100,1300,10,APS-F20-550-230,550,230,,
APS F20 B01,Vapsint,Ø22/10mm - Versione con attacchi F20/B01,F20 - B01,22,10,100,1300,10,APS-F20-600-250,600,250,,
APS F20 B01,Vapsint,Ø22/10mm - Versione con attacchi F20/B01,F20 - B01,22,10,100,1300,10,APS-F20-650-280,650,280,,
APS F20 B01,Vapsint,Ø22/10mm - Versione con attacchi F20/B01,F20 - B01,22,10,100,1300,10,APS-F20-700-300,700,300,,
APS F20 B01,Vapsint,Ø22/10mm - Versione con attacchi F20/B01,F20 - B01,22,10,100,1300,10,APS-F20-750-330,750,330,,
APS F20 B01,Vapsint,Ø22/10mm - Versione con attacchi F20/B01,F20 - B01,22,10,100,1300,10,APS-F20-800-350,800,350,,
APS F20 B01,Vapsint,Ø22/10mm - Versione con attacchi F20/B01,F20 - B01,22,10,100,1300,10,APS-F20-850-380,850,380,,
APS F20 B01,Vapsint,Ø22/10mm - Versione con attacchi F20/B01,F20 - B01,22,10,100,1300,10,APS-F20-900-400,900,400,,
APS F20 B01,Vapsint,Ø22/10mm - Versione con attacchi F20/B01,F20 - B01,22,10,100,1300,10,APS-F20-950-430,950,430,,
APS G81 G81,Vapsint,Ø22/10mm - Versione con attacchi G81,G81 - G81,22,10,100,1300,10,APS-G81-255-100,255,100,,
APS G81 G81,Vapsint,Ø22/10mm - Versione con attacchi G81,G81 - G81,22,10,100,1300,10,APS-G81-355-150,355,150,,
APS G81 G81,Vapsint,Ø22/10mm - Versione con attacchi G81,G81 - G81,22,10,100,1300,10,APS-G81-455-200,455,200,,
APS G81 G81,Vapsint,Ø22/10mm - Versione con attacchi G81,G81 - G81,22,10,100,1300,10,APS-G81-555-250,555,250,,
APS G81 G81,Vapsint,Ø22/10mm - Versione con attacchi G81,G81 - G81,22,10,100,1300,10,APS-G81-655-300,655,300,,
APS G81 G81,Vapsint,Ø22/10mm - Versione con attacchi G81,G81 - G81,22,10,100,1300,10,APS-G81-755-350,755,350,,
APS G81 G81,Vapsint,Ø22/10mm - Versione con attacchi G81,G81 - G81,22,10,100,1300,10,APS-G81-855-400,855,400,,
APS G81 G81,Vapsint,Ø22/10mm - Versione con attacchi G81,G81 - G81,22,10,100,1300,10,APS-G81-1055-500,1055,500,,
ASS F50 B01,Vapsint,Ø28/10mm - Forze elevate fino 1300N,F50 - B01,28,10,200,1300,10,ASS-300-100,300,100,,
ASS F50 B01,Vapsint,Ø28/10mm - Forze elevate fino 1300N,F50 - B01,28,10,200,1300,10,ASS-400-150,400,150,,
ASS F50 B01,Vapsint,Ø28/10mm - Forze elevate fino 1300N,F50 - B01,28,10,200,1300,10,ASS-500-200,500,200,,
ASS F50 B01,Vapsint,Ø28/10mm - Forze elevate fino 1300N,F50 - B01,28,10,200,1300,10,ASS-600-250,600,250,,
ASS F50 B01,Vapsint,Ø28/10mm - Forze elevate fino 1300N,F50 - B01,28,10,200,1300,10,ASS-700-300,700,300,,
ASS F50 B01,Vapsint,Ø28/10mm - Forze elevate fino 1300N,F50 - B01,28,10,200,1300,10,ASS-800-350,800,350,,
ASS F50 B01,Vapsint,Ø28/10mm - Forze elevate fino 1300N,F50 - B01,28,10,200,1300,10,ASS-900-400,900,400,,
ASS G81 G81,Vapsint,Ø28/10mm - Versione con attacchi G81,G81 - G81,28,10,200,1300,10,ASS-G81-255-100,255,100,,
ASS G81 G81,Vapsint,Ø28/10mm - Versione con attacchi G81,G81 - G81,28,10,200,1300,10,ASS-G81-455-200,455,200,,
ASS G81 G81,Vapsint,Ø28/10mm - Versione con attacchi G81,G81 - G81,28,10,200,1300,10,ASS-G81-555-250,555,250,,
ASS G81 G81,Vapsint,Ø28/10mm - Versione con attacchi G81,G81 - G81,28,10,200,1300,10,ASS-G81-655-300,655,300,,
ASS G81 G81,Vapsint,Ø28/10mm - Versione con attacchi G81,G81 - G81,28,10,200,1300,10,ASS-G81-755-350,755,350,,
ASS G81 G81,Vapsint,Ø28/10mm - Versione con attacchi G81,G81 - G81,28,10,200,1300,10,ASS-G81-855-400,855,400,,
ASS G81 G81,Vapsint,Ø28/10mm - Versione con attacchi G81,G81 - G81,28,10,200,1300,10,ASS-G81-1055-500,1055,500,,
ATS F50 B01,Vapsint,Ø28/14mm - Forze molto elevate fino 2500N,F50 - B01/B11,28,14,200,2500,10,ATS-300-100,300,100,200,2500
ATS F50 B01,Vapsint,Ø28/14mm - Forze molto elevate fino 2500N,F50 - B01/B11,28,14,200,2500,10,ATS-400-150,400,150,200,2500
ATS F50 B01,Vapsint,Ø28/14mm - Forze molto elevate fino 2500N,F50 - B01/B11,28,14,200,2500,10,ATS-500-200,500,200,200,2500
ATS F50 B01,Vapsint,Ø28/14mm - Forze molto elevate fino 2500N,F50 - B01/B11,28,14,200,2500,10,ATS-600-250,600,250,200,2500
ATS F50 B01,Vapsint,Ø28/14mm - Forze molto elevate fino 2500N,F50 - B01/B11,28,14,200,2500,10,ATS-700-300,700,300,200,2500
ATS F50 B01,Vapsint,Ø28/14mm - Forze molto elevate fino 2500N,F50 - B01/B11,28,14,200,2500,10,ATS-800-350,800,350,200,2500
ATS F50 B01,Vapsint,Ø28/14mm - Forze molto elevate fino 2500N,F50 - B01/B11,28,14,200,2500,10,ATS-900-400,900,400,200,2500
ATS F50 B01,Vapsint,Ø28/14mm - Forze molto elevate fino 2500N,F50 - B01/B11,28,14,200,2500,10,ATS-1000-450,1000,450,200,2500
ATS F50 B01,Vapsint,Ø28/14mm - Forze molto elevate fino 2500N,F50 - B01/B11,28,14,200,2500,10,ATS-1100-500,1100,500,200,2100
ATS F50 B01,Vapsint,Ø28/14mm - Forze molto elevate fino 2500N,F50 - B01/B11,28,14,200,2500,10,ATS-1190-550,1190,550,200,2100
ATS G81 G81,Vapsint,Ø28/14mm - Versione con attacchi G81,G81 - G81,28,14,200,2500,10,ATS-G81-255-100,255,100,,
ATS G81 G81,Vapsint,Ø28/14mm - Versione con attacchi G81,G81 - G81,28,14,200,2500,10,ATS-G81-455-200,455,200,,
ATS G81 G81,Vapsint,Ø28/14mm - Versione con attacchi G81,G81 - G81,28,14,200,2500,10,ATS-G81-555-250,555,250,,
ATS G81 G81,Vapsint,Ø28/14mm - Versione con attacchi G81,G81 - G81,28,14,200,2500,10,ATS-G81-655-300,655,300,,
ATS G81 G81,Vapsint,Ø28/14mm - Versione con attacchi G81,G81 - G81,28,14,200,2500,10,ATS-G81-755-350,755,350,,
ATS G81 G81,Vapsint,Ø28/14mm - Versione con attacchi G81,G81 - G81,28,14,200,2500,10,ATS-G81-855-400,855,400,,
ATS G81 G81,Vapsint,Ø28/14mm - Versione con attacchi G81,G81 - G81,28,14,200,2500,10,ATS-G81-1055-500,1055,500,,
AYS G05 G05,Vapsint,Ø40/20mm - Prodotto più robusto forze fino 5200N per applicazioni pesanti,G05 - G05,40,20,100,5200,100,AYS-320-100,320,100,,
AYS G05 G05,Vapsint,Ø40/20mm - Prodotto più robusto forze fino 5200N per applicazioni pesanti,G05 - G05,40,20,100,5200,100,AYS-420-150,420,150,,
AYS G05 G05,Vapsint,Ø40/20mm - Prodotto più robusto forze fino 5200N per applicazioni pesanti,G05 - G05,40,20,100,5200,100,AYS-520-200,520,200,,
AYS G05 G05,Vapsint,Ø40/20mm - Prodotto più robusto forze fino 5200N per applicazioni pesanti,G05 - G05,40,20,100,5200,100,AYS-620-250,620,250,,
AYS G05 G05,Vapsint,Ø40/20mm - Prodotto più robusto forze fino 5200N per applicazioni pesanti,G05 - G05,40,20,100,5200,100,AYS-720-300,720,300,,
AYS G05 G05,Vapsint,Ø40/20mm - Prodotto più robusto forze fino 5200N per applicazioni pesanti,G05 - G05,40,20,100,5200,100,AYS-820-350,820,350,,
AYS G05 G05,Vapsint,Ø40/20mm - Prodotto più robusto forze fino 5200N per applicazioni pesanti,G05 - G05,40,20,100,5200,100,AYS-920-400,920,400,,
AYS G05 G05,Vapsint,Ø40/20mm - Prodotto più robusto forze fino 5200N per applicazioni pesanti,G05 - G05,40,20,100,5200,100,AYS-1120-500,1120,500,,
AYS G05 G05,Vapsint,Ø40/20mm - Prodotto più robusto forze fino 5200N per applicazioni pesanti,G05 - G05,40,20,100,5200,100,AYS-1320-600,1320,600,,
AYS G05 G05,Vapsint,Ø40/20mm - Prodotto più robusto forze fino 5200N per applicazioni pesanti,G05 - G05,40,20,100,5200,100,AYS-1720-800,1720,800,,
